{"cameraMode":{"drawMode":0,"name":"Shaded","section":"Shading Mode"},"sceneLighting":false,"audioPlay":false,"sceneViewState":{"showFog":true,"showMaterialUpdate":false,"showSkybox":false,"showFlares":true,"showImageEffects":true,"showParticleSystems":true},"in2DMode":false,"pivot":{"x":2.601062297821045,"y":-0.0022686123847961427,"z":-1.7355875968933106},"rotation":{"x":-0.18113575875759126,"y":-0.47349652647972109,"z":0.1001797467470169,"w":-0.856127917766571},"size":7.57361364364624,"orthographic":true}