{"cameraMode":{"drawMode":0,"name":"Shaded","section":"Shading Mode"},"sceneLighting":false,"audioPlay":false,"sceneViewState":{"showFog":true,"showMaterialUpdate":false,"showSkybox":false,"showFlares":true,"showImageEffects":true,"showParticleSystems":true},"in2DMode":false,"pivot":{"x":10.0,"y":1.2000000476837159,"z":20.42300033569336},"rotation":{"x":0.04586222767829895,"y":0.701179563999176,"z":-0.04528971388936043,"w":0.7100653052330017},"size":17.992820739746095,"orthographic":true}