{"cameraMode":{"drawMode":0,"name":"Shaded","section":"Shading Mode"},"sceneLighting":false,"audioPlay":false,"sceneViewState":{"showFog":true,"showMaterialUpdate":false,"showSkybox":false,"showFlares":true,"showImageEffects":true,"showParticleSystems":true},"in2DMode":false,"pivot":{"x":9.822904586791993,"y":-2.2942988872528078,"z":20.20102310180664},"rotation":{"x":-0.11117956042289734,"y":-0.5832997560501099,"z":0.08101014792919159,"w":-0.8005235195159912},"size":3.29376482963562,"orthographic":true}