{"cameraMode":{"drawMode":0,"name":"Shaded","section":"Shading Mode"},"sceneLighting":false,"audioPlay":false,"sceneViewState":{"showFog":true,"showMaterialUpdate":false,"showSkybox":false,"showFlares":true,"showImageEffects":true,"showParticleSystems":true},"in2DMode":false,"pivot":{"x":359.9213562011719,"y":1221.7562255859375,"z":0.0},"rotation":{"x":-0.13336162269115449,"y":-0.4627871513366699,"z":0.07065431028604508,"w":-0.8735277056694031},"size":1212.8724365234375,"orthographic":true}